{
    "0": {
        "precision": 0.9966465459423206,
        "recall": 0.768753233316089,
        "f1-score": 0.8679906542056075,
        "support": 1933.0
    },
    "1": {
        "precision": 0.12180746561886051,
        "recall": 0.9253731343283582,
        "f1-score": 0.2152777777777778,
        "support": 67.0
    },
    "accuracy": 0.774,
    "macro avg": {
        "precision": 0.5592270057805906,
        "recall": 0.8470631838222236,
        "f1-score": 0.5416342159916927,
        "support": 2000.0
    },
    "weighted avg": {
        "precision": 0.9673394367514846,
        "recall": 0.774,
        "f1-score": 0.8461247728452752,
        "support": 2000.0
    }
}