,precision,recall,f1-score,support
0,0.9966465459423206,0.768753233316089,0.8679906542056075,1933.0
1,0.12180746561886051,0.9253731343283582,0.2152777777777778,67.0
accuracy,0.774,0.774,0.774,0.774
macro avg,0.5592270057805906,0.8470631838222236,0.5416342159916927,2000.0
weighted avg,0.9673394367514846,0.774,0.8461247728452752,2000.0
